experience_kw,welcoming_kw,passion_kw
0.6877876779320206,1.0189862712664426,0.0
0.0,0.24436551967057293,0.6590479707913254
0.3824113814913943,0.0,0.0
0.0,0.0,0.0
0.0,0.0,0.2628681227653952
0.0,1.3391976678220212,0.25167468982088287
0.0,0.9357251218560334,0.6796034066994092
0.0,0.408009248551974,0.0
0.0,0.1904997643514042,0.0
0.0,0.35027169909596245,0.0
0.0,0.0,0.5466058570846857
0.42327675503093365,0.0,0.0
0.0,0.0,0.0
0.0,0.0,0.0
0.0,0.0,0.0
0.0,0.30315322688707863,0.5493188414256454
0.0,0.0,0.49477835234977524
0.0,0.0,0.0
0.0,0.25910865398757665,0.0
0.0,0.0,0.0
0.0,0.0,0.0
0.0,0.4213818325941509,1.436158100455224
0.0,0.0,0.0
0.3923078709938274,0.8061752359679633,0.20775354718944747
0.0,0.1904997643514042,0.0
0.521618402715736,0.5114216869799634,0.23376081826143597
0.32720958831685965,0.47569670908582196,0.17417023710571009
0.0,0.6630553212072313,0.26490290448195536
0.0,0.6022181687334324,0.3826651612432071
0.0,0.34915074081346087,0.0
0.0,0.0,0.0
0.0,0.0,0.6907729103872609
0.2584890594767072,0.8896506823360186,0.18643675579806607
0.0,0.0,0.0
0.0,0.0,0.0
0.0,0.6963313386977971,0.5030668646791899
0.0,0.631158572647849,0.1969540500415561
1.0,0.0,0.0
0.0,0.0,0.0
0.0,1.0,0.0
0.0,0.0,0.0
0.0,0.0,0.0
0.0,0.30266761938842923,0.13310879349078536
0.0,0.0,0.0
0.0,0.0,0.0
0.0,0.0,0.0
0.0,0.1901545022773962,0.0
0.0,0.0,0.3027238001139599
0.0,0.0,0.0
0.0,0.0,0.0
1.0,0.0,0.0
0.0,0.2629174717488667,0.0
0.0,0.2532312710792802,0.0
0.0,0.0,0.0
0.0,0.26397046538330665,0.0
0.1848347010540156,0.6542857432458082,0.4350317378166846
0.0,0.0,0.0
0.0,0.21205539159675024,0.42927380058285597
0.0,0.0,0.0
0.0,0.5075432526626956,0.0
0.517697874295557,0.0,0.0
0.39727808899518874,0.2537129484350386,0.0
0.0,0.8116107841640954,0.2956704411516953
0.0,0.0,0.0
0.0,0.0,0.21151504195243268
0.0,0.0,0.0
0.0,0.0,0.0
0.0,0.0,0.0
0.0,0.3780161165757355,0.6435649417668732
0.0,0.0,0.0
0.5364903617065706,0.0,0.5693010184667744
0.16326797872792065,0.0,0.0
0.0,0.0,0.0
0.0,0.0,0.0
0.0,0.0,0.0
0.0,0.4694021490829071,0.0
0.0,0.0,0.0
0.0,0.0,0.0
0.0,0.0,0.49627666859486885
0.5022840048522709,0.0,0.0
0.311809100308231,0.0,0.0
0.0,1.1954582124567295,0.0
0.506318005270707,0.38593875859226723,0.0989100080603262
0.4295798527985263,0.0,0.0
0.0,0.0,0.0
0.5709321726447651,0.0,0.0
0.0,0.0,0.0
0.1892097710954372,0.0,0.0
0.0,0.0,0.0
0.49278482982719846,0.2592086219171034,0.0
0.7102928988342522,0.0,0.0
0.4237643877565802,0.0,0.0
0.0,1.3302550531822184,0.1542719485815759
0.0,0.0,0.0
0.0,0.0,0.0
0.0,0.0,0.0
0.0,0.2403063810759684,0.177976564528607
0.0,0.0,0.0
0.0,0.0,0.0
0.0,0.0,0.0
0.0,0.24898086207089734,0.0
1.2740882288650837,0.0,0.0
0.2139828262074288,0.0,0.0
0.0,0.0,0.0
0.3134282436661401,0.32560201115999543,0.0
0.0,0.19627661108675024,0.15619831524148073
0.0,0.0,0.15140236319986178
1.0,0.0,0.0
0.0,0.0,0.0
0.0,0.0,0.18423528530287545
0.0,0.5656839900491565,0.3301817089021125
0.0,0.0,0.0
1.0,0.0,0.0
1.3586132096793748,0.0,0.0
0.0,0.30297184039628405,0.0
0.0,0.0,0.0
0.0,0.0,0.0
0.0,0.0,0.0
0.1645831184522245,0.0,0.4403944098272624
0.0,0.0,0.0
0.0,0.0,0.0
0.16424432024689942,0.16976979326522398,0.0
0.0,0.0,0.0
0.3464498393575909,0.3872423630140025,0.0
0.0,0.0,0.0
0.0,0.7317371056016453,0.0
0.0,0.2794605094937871,0.0
0.0,0.0,0.0
0.0,0.0,0.0
0.0,0.0,0.0
0.39288970079701857,0.6930843647393687,0.20329134435986518
0.0,0.28335854488544104,0.2720949996150274
0.0,0.43912785040266067,0.0
0.2532244819998865,0.0,0.0
0.16878728357157544,0.4716788945144698,0.5030259430984407
0.0,0.4106650110315168,0.0
0.0,0.2404091071604996,0.0
0.0,0.0,0.0
0.0,0.9026251280143794,0.21197808272516455
0.32781172084633126,0.0,0.368684358163236
0.0,0.0,0.0
0.0,0.0,0.0
1.13105575552939,0.5947241669637047,0.18349463424855195
0.0,0.0,0.0
0.0,0.30450973271838905,0.0
0.29870635539140056,0.4693280248520552,0.0
0.0,0.0,0.0
0.0,0.0,0.0
0.0,0.0,0.0
0.0,0.3300007189571198,0.0
0.7294413656093784,1.2852521029307282,0.220100887924834
0.0,0.0,0.0
0.0,0.0,0.0
0.0,0.0,0.0
0.0,0.0,0.0
0.600933185675345,0.2915372928721921,0.0
0.0,0.0,0.0
0.24764392220771522,0.0,0.0
0.0,0.6787939296771812,0.0
0.0,0.0,0.0
0.0,0.0,0.0
0.0,0.0,0.0
0.0,0.8179777762195839,0.6174422825851669
0.0,0.0,0.0
0.0,0.27850794296979303,0.0
0.1970738646360426,0.0,0.0
0.0,0.6460442494713956,0.1408116142949985
0.0,0.3435113081754658,0.0
0.0,0.0,0.0
0.0,0.3307534029829259,0.0
0.0,0.0,0.0
0.6621839120191658,1.2151065465574404,0.1716614198725072
0.0,0.0,0.0
0.28956549650289926,0.0,0.0
0.0,0.267545639319806,0.0
0.0,1.062399152366941,0.16939478200659192
0.0,0.24501201763446087,0.0
0.0,0.0,0.0
0.0,0.0,0.0
0.9571883852995176,0.27759949793932875,0.0
0.0,0.0,0.0
0.0,1.4065180699999433,0.29087690196734506
0.0,0.525335174911816,0.17745248524073481
0.0,0.0,0.0
0.0,0.0,0.0
0.0,0.0,0.0
0.0,0.37902690955327223,0.0
0.0,0.6460710136212336,0.36597925629639716
0.0,0.0,0.0
0.38069417075080486,0.0,0.0
0.250437785064283,0.0,0.0
0.0,0.694992047563465,0.0
0.0,1.0060165117889999,0.15409937775781818
0.48630571899159514,0.0,0.4988706089197379
0.0,0.9057327340549763,0.1954132496505908
0.0,0.7054308939249567,0.0
0.0,0.0,0.8774869398563999
0.0,0.26072311543592386,0.6841206697116016
0.0,0.5421407970338015,0.1443039858692428
0.0,0.0,0.0
0.0,0.23696424694353732,0.0
0.0,0.0,0.0
0.0,0.2502138110467354,0.0
0.0,0.0,1.0
0.31533296561858193,0.0,0.0
0.0,0.0,0.0
0.0,0.22378154631676508,0.0
0.0,0.0,0.0
0.0,0.0,0.6224099055598488
0.0,0.0,0.0
0.25460147721751786,0.6948407450062256,0.20362579712576653
0.0,0.5959971824185556,0.20790632148250146
0.20873276105643535,0.4723481750278899,0.2218222200402896
0.0,0.0,0.0
0.0,0.0,0.1922466335593079
0.5282232493364851,0.4882225321089073,0.23819393274640682
0.0,0.0,0.0
0.0,0.0,0.0
0.6146109294839263,0.0,0.3724579557128451
0.0,0.6383686460493747,0.0
1.0,0.0,0.0
0.45720880562132066,0.0,0.0
0.0,0.42849995907785865,0.4425676081185611
0.0,0.0,0.0
0.0,0.44492232227462114,0.25680544679579237
0.2706839465623693,0.0,0.0
0.38116124659559963,0.0,0.0
0.0,0.0,0.0
0.15910452877607442,0.17783819384566982,0.0
0.0,1.4988183293105832,0.17600646683721216
0.0,0.4251734819052726,1.4400827085735906
0.0,0.0,0.0
0.0,0.0,0.0
0.0,0.0,0.0
0.0,0.0,0.0
1.3586132096793748,0.0,0.0
0.21852659287375725,0.0,0.0
0.0,1.479933204378229,0.1792946252475154
0.0,0.27087826084412164,0.0
0.9139703739702192,0.30918897607342544,0.0
0.0,0.0,0.28544862039389274
0.0,0.0,0.0
0.0,0.0,0.0
0.0,0.2595353533107644,0.0
0.0,0.17735342786657796,0.0
0.0,0.0,0.0
0.0,0.2531998757662674,0.0
0.0,0.0,0.3552838669814153
0.0,0.7322979375587548,1.367700420593769
0.22749611636515182,0.0,0.0
0.0,0.26859078383617624,0.0
0.0,0.2808598794124095,0.0
0.41168169175375746,0.0,0.0
0.0,0.6669659714696441,0.0
0.0,0.0,0.0
0.0,0.0,0.19191820511453622
0.0,0.8524155083053073,0.24275489955546645
0.0,0.5488469985944363,0.0
0.0,0.0,0.0
0.0,0.5544815969063799,0.0
0.5807284306927618,0.7274952220641324,0.0
0.0,0.0,0.0
0.0,0.0,0.4147571617445567
0.0,0.0,0.0
0.0,0.0,0.4986735522246318
1.149726453475778,0.0,0.0
0.0,0.0,0.0
0.0,0.41943021176199485,0.0
0.0,0.0,0.0
0.0,0.0,0.0
0.0,0.0,0.0
0.5587318167650611,1.2613603531353728,0.3074480278755146
0.0,0.0,0.327693687761156
0.0,0.0,0.2466779709327062
0.0,0.0,1.0
0.0,0.0,0.0
0.3821671319033568,0.6030182931326306,0.7537414842150667
0.0,0.0,0.0
0.0,0.0,0.0
0.5334376404794577,0.0,0.0
0.5186209962867782,0.0,0.5830284935404956
0.0,0.0,0.0
0.0,0.2028041923993386,0.0
0.2787004998061795,0.0,0.0
0.0,0.0,0.5373708655618983
0.0,0.0,0.0
0.0,0.0,0.0
0.0,0.0,0.0
0.0,0.0,0.0
0.46746917596178394,0.0,0.0
1.2028123019593648,0.0,0.0
0.0,0.23887597025859295,0.24812365562643693
0.0,0.2792737852292042,0.0
0.2716966203951125,0.0,0.0
0.0,0.32031865811064913,0.0
0.0,0.0,0.0
0.0,0.0,0.33635028553211266
0.0,0.0,0.0
0.0,0.30297184039628405,0.0
0.0,0.0,0.0
0.39171762035395635,1.572354699699635,0.19120069861677047
0.0,0.0,0.0
0.0,0.3284222420861613,0.0
0.0,0.7280206132466217,0.44924566708376074
0.0,0.0,0.0
0.0,0.0,0.0
0.0,0.0,0.0
0.0,0.0,0.2545877372372078
0.0,0.0,0.0
0.0,0.0,0.0
0.0,0.0,0.0
0.0,0.0,0.0
1.1796417891324773,0.934365615420117,0.16367553173974786
0.0,0.2079151764196248,0.0
0.0,0.0,0.0
0.0,0.45786018948621876,0.40439130636678355
0.0,0.0,0.0
0.0,0.0,0.0
0.0,0.0,0.0
0.0,0.0,0.0
0.0,0.0,0.21138989086753962
0.2623177949985489,0.0,0.0
0.0,0.0,0.0
0.0,0.0,0.0
0.34410480897151874,0.0,0.3656833372312101
0.0,0.0,0.0
0.3706984860772581,0.5750202016895845,0.0
0.0,0.29281823972847626,0.30415421022414163
0.0,0.910588803902554,0.0
0.0,1.296451499218842,0.21212069041940404
0.0,0.0,0.5180569542312836
0.0,0.0,0.0
0.0,0.0,0.0
0.0,0.0,0.0
0.0,0.0,0.0
0.1999470207380636,0.20456609742533624,0.0
0.30491270484031735,0.2725521775627238,0.0
0.0,0.0,0.3997624042769923
0.0,0.4962916074721877,0.9656032406814765
0.0,1.0001362984124376,0.0
0.6673511444735074,1.0632939013426683,0.0
0.4777818222364356,0.0,0.0
0.0,0.2848150605707643,0.0
0.0,0.0,0.0
0.0,0.0,0.0
0.41354175919603375,0.0,0.0
0.659044513875127,0.0,0.0
0.0,0.9078323324808288,0.0
0.762688750611572,0.0,0.0
0.0,0.0,0.0
0.0,0.7504230469928653,0.0
0.2673998197968379,0.8948487503470592,0.7467312984873713
0.0,0.7456832325046067,0.5329365166691099
0.0,0.5559582534112298,0.0
0.0,0.0,0.0
0.0,0.0,0.0
0.0,0.24025036467253064,0.0
0.0,0.0,0.0
0.0,0.0,0.0
0.0,0.0,0.0
0.5507188239995504,0.8097799473277091,0.21764671535159996
0.26253959353639694,0.5774130094777616,0.0
0.32551231814702547,0.0,0.0
0.0,0.659108948588256,0.0
0.0,0.33089523606967397,0.0
1.1002025484262101,0.5867561417489724,0.0
0.0,0.0,0.0
0.0,0.0,0.4799429704288381
0.952272141485057,0.5588386174128106,0.5513992878800893
0.0,0.0,0.0
0.0,0.0,0.0
0.0,0.32918832600833886,0.8524799606095725
0.0,0.0,0.0
0.0,0.0,0.7063916163617944
0.0,0.0,0.0
0.0,0.0,0.0
0.0,0.36767881425688576,0.0
0.0,0.0,0.0
0.0,0.0,0.0
0.0,0.0,0.0
1.0,0.0,0.0
0.0,1.0817947101049368,0.5600759236884909
0.0,0.9088717742443548,0.32677799713831296
0.0,0.5279463096089064,0.890456791270488
0.0,0.0,0.0
0.38741755659905996,0.24327790841611652,0.0
0.0,0.0,0.0
0.9179600542426926,0.42865943855767497,0.0
0.0,0.1723128479216821,0.5677749741716249
0.0,0.0,0.0
0.0,0.579298967776015,0.1911403023722054
0.49838372058495195,0.0,0.0
0.0,0.0,0.0
0.0,0.6588955241513588,0.0
0.0,0.19262376628476943,0.0
0.0,0.0,0.0
0.0,0.0,0.0
0.0,0.0,0.0
0.0,0.0,0.16744628536610956
0.0,0.0,0.0
0.0,0.0,0.29436243495767195
0.0,0.0,0.0
0.0,0.0,0.0
0.0,0.0,0.6582094719330643
0.0,0.31574391195037127,0.0
0.0,0.0,0.0
0.9910164675353952,0.7230980056021956,0.2349538642415883
0.0,0.0,0.0
1.149726453475778,0.0,0.0
0.0,0.0,0.3734769236126293
1.413798601465861,0.23772935236063059,0.0
0.0,0.0,0.0
0.0,0.3494563610177638,0.0
0.46197564136235847,0.4075484481229752,0.0
0.0,0.5263060820339185,0.0
0.2965821214622975,0.29895440511148413,0.0
0.0,1.325204483066587,0.581270128206808
0.0,0.0,0.0
0.0,0.0,0.0
0.0,0.0,0.0
0.2719699843401237,0.30098937062329983,0.3931525775442993
0.0,0.0,0.3432217437390348
0.0,0.0,0.41048269909916274
0.0,0.0,0.0
0.0,0.6479086480645511,0.0
1.0,0.0,0.0
0.0,0.0,0.0
0.0,0.0,0.0
0.0,0.0,0.0
0.0,1.4037326685543705,0.0
0.0,1.414506247576766,0.0
0.0,0.0,0.0
0.0,0.0,0.0
0.0,0.0,0.0
0.0,0.0,0.0
0.0,0.19627661108675024,0.15619831524148073
0.0,0.0,0.0
0.0,0.0,0.0
0.0,0.0,0.0
0.27004984731773907,0.6739619272336086,0.0
0.0,0.3709788743662225,0.26544745150195853
0.0,0.0,0.0
0.0,0.3402791028422696,0.0
0.0,0.0,0.0
0.0,0.43852807847254993,0.21847895740059575
0.0,0.4177928189220749,0.0
0.0,0.2213312495871738,0.0
0.0,0.0,0.31216514069080836
0.0,0.0,0.0
0.0,1.4670968773998418,0.0
0.2502969206792458,0.0,0.0
0.44920560833709616,0.0,0.0
0.0,0.0,0.0
0.0,0.0,0.3422132925538183
0.0,0.2772125992393421,0.47651649517502065
0.0,0.45786018948621876,0.40439130636678355
0.0,0.8968035094773048,0.2820582601549266
0.0,0.3940838878173424,0.37841899331922235
0.0,1.0,0.23446066428538365
0.0,0.39471939235232056,0.0
0.0,0.0,0.0
0.0,0.0,0.0
0.0,0.0,0.0
0.0,0.38130395844360954,0.5082482208877023
1.0452956961512962,0.0,0.0
0.0,0.0,0.0
0.0,0.0,0.0
0.0,0.0,0.0
0.0,0.0,0.0
0.0,0.0,0.6927036668631187
0.0,0.36052374950686117,0.0
0.0,0.25085787597803433,0.0
0.47094974132954975,0.0,0.0
0.0,0.539778041293746,0.25791471058711907
0.0,0.31574391195037127,0.0
0.0,0.0,0.0
0.0,0.7622715488679762,0.0
0.0,0.0,0.0
0.0,0.3308912033072469,0.5564147112571056
0.0,0.0,0.0
0.0,0.0,0.0
0.0,0.0,0.0
0.0,0.0,0.0
0.0,0.0,0.0
0.9133129775634702,0.31221843662180854,0.0
0.0,0.0,0.0
0.0,0.6966500585323074,0.0
0.0,0.0,0.0
0.42116153696940195,1.2142453779849602,0.0
0.0,0.0,0.2634500260198723
0.0,0.0,0.0
0.0,1.5228438028024054,0.38793471883217756
0.0,0.40346663733187627,0.6448858129075464
0.0,0.0,0.0
0.0,0.0,0.0
0.6224336501081669,0.0,0.0
0.1892097710954372,0.0,0.0
0.0,0.0,0.3476565253662054
0.0,0.5562772260564948,0.0
0.0,0.6026882242777689,0.21552135851586338
0.0,0.0,0.0
0.0,0.0,0.0
0.0,0.0,0.0
0.0,0.0,0.0
0.0,0.0,0.5303446958226223
0.5448572841184012,0.6594799157037581,0.1916123238319354
0.2182292249192512,1.0415807342332593,0.0
0.0,0.0,0.0
0.0,0.2790205874043383,0.0
0.2151444422446505,0.42495371503428336,0.0
0.23857016448129006,0.0,0.0
0.0,0.9819529584629969,0.30089092722018507
0.0,0.17735342786657796,0.0
0.0,0.0,0.0
0.6626265728868469,0.6432752011108023,0.14617476893096978
0.35697212566076264,0.5293763140141652,0.0
0.27424320625934656,0.4795421341189385,1.0916364211457141
0.31337649654394134,1.076461760618455,0.18036963622324484
0.0,0.3780161165757355,0.6435649417668732
0.0,0.0,0.0
0.0,0.2170395179573094,0.7782838691018558
0.2139828262074288,0.0,0.0
0.0,0.0,0.0
0.9251578122294661,0.0,0.0
0.0,0.0,0.0
0.0,0.0,0.2595878082000614
0.0,0.2885344934647947,0.0
0.0,0.0,0.0
0.0,0.0,0.0
0.24283133649198368,0.16592415415019063,0.0
0.0,0.0,0.0
0.519071716015483,0.5176204675921848,0.0
0.0,0.0,0.0
0.8921919088039727,0.4821029420918432,0.44649305922608
0.0,0.6052043404061879,0.17953339898133563
0.0,0.0,0.0
0.0,0.21783042001345368,0.0
0.0,0.0,0.0
0.0,0.0,0.0
0.5507188239995504,0.8097799473277091,0.21764671535159996
0.0,0.25961160558595325,0.0
0.0,0.0,0.0
0.5289945211937707,0.0,0.0
0.0,0.0,0.0
0.0,0.0,0.0
0.0,0.0,0.0
0.0,0.3866733150486159,0.0
0.0,0.768013673714536,0.19616824959150192
0.0,0.0,0.4539996324966931
0.0,0.0,0.0
0.0,0.0,0.34619493745804036
0.2980250816681034,0.0,0.0
0.0,0.0,0.0
0.24057941889700168,0.24013731331023144,0.0
0.5481456072976497,1.5144886902059775,0.2840970330966602
0.0,0.2629174717488667,0.0
0.0,0.0,0.0
0.0,0.0,0.0
0.0,0.0,0.0
0.0,0.0,0.0
0.0,0.0,0.0
0.0,0.0,0.0
0.0,0.0,0.0
0.0,0.0,0.0
0.0,0.5935512426428098,0.2717345966231463
0.0,0.0,0.0
0.2363076397375797,0.2551832266593558,0.0
0.6701598938906739,0.0,0.0
0.0,0.0,0.0
0.0,0.0,0.3027238001139599
0.7895785324606261,0.0,0.0
0.0,0.0,0.0
0.0,0.8887539929443782,0.20640984945744711
0.0,0.0,0.0
0.0,0.0,0.0
0.5470826643590372,0.0,0.0
0.22386446483871478,1.2072923354961471,0.17904287358855897
0.0,0.8032076514812156,0.14580867268959613
0.0,0.8526707828708125,0.2713230509617213
0.0,0.8431350334261791,0.0
0.0,0.0,0.0
0.0,0.4294359404427198,0.39816240508423945
0.0,0.0,0.0
0.0,0.0,0.0
0.2182292249192512,1.0415807342332593,0.0
0.0,0.6816514294844075,0.0
0.0,0.0,0.0
0.0,0.9525441914793862,0.2813795427251148
0.0,0.0,0.0
0.0,0.8163236600270537,0.32906650700295553
0.3886294280480006,0.0,0.0
0.0,0.0,0.0
0.250437785064283,0.0,0.0
0.0,0.0,0.0
0.0,0.7321572087627631,0.0
0.2094399272631323,0.750072543734182,0.0
0.0,0.25241425861599776,0.0
0.0,0.0,0.0
0.0,0.0,0.0
0.0,0.5935512426428098,0.2717345966231463
0.574947402930459,0.0,0.0
0.11545478061637839,0.4356671726710446,0.0923387090755378
0.44909804897442646,0.0,0.0
0.0,1.2504034761186813,0.4427703928182303
0.0,0.0,0.3857855070040444
0.2357218652135568,0.0,0.0
0.0,0.0,1.0
0.0,0.0,0.0
0.0,0.0,0.0
0.16267234158576996,0.0,0.0
0.0,0.584823988310393,0.6657572296805329
0.0,0.0,0.0
0.0,0.0,0.0
0.0,0.29046464641480924,0.5707075459612927
0.0,0.0,0.19779808124930154
0.0,0.0,0.0
0.0,0.0,0.0
0.0,0.0,0.0
0.0,0.36847655152036674,0.22925826499384985
0.0,0.0,0.0
0.3744099259291702,0.0,0.0
0.0,0.5656839900491565,0.3301817089021125
0.11545478061637839,0.4356671726710446,0.0923387090755378
0.25006718684003565,0.0,0.0
0.0,0.0,0.0
0.0,0.0,0.0
0.0,0.0,0.0
0.0,0.2112995995803461,0.0
0.0,0.18448244451810142,0.0
0.0,0.32401258141148975,0.3638951636768458
1.0,0.0,0.0
0.0,0.0,0.0
0.0,0.0,0.0
0.0,0.4450165054592929,0.4126083204241959
0.0,0.0,0.0
0.0,0.6649709441615133,0.0
0.9139703739702192,0.30918897607342544,0.0
0.0,0.0,0.0
0.0,0.0,0.0
0.15806812813503457,0.47898529179618776,0.12642011720998614
0.0,0.0,0.0
0.3824113814913943,0.0,0.0
0.797077093756814,0.9882818754276086,0.4937108525097528
0.0,0.24040173727221556,0.0
0.2307569175789943,0.26448880614836523,0.0
0.0,0.7786366047427505,0.24416837797103336
0.0,0.0,0.0
0.5914943960080608,0.18814859016700572,0.0
0.0,0.0,0.0
0.0,0.0,0.5202583353231524
0.0,0.0,0.0
0.0,0.0,0.0
0.0,0.31646011212234376,0.0
0.0,0.0,0.0
0.0,1.1318670931938661,0.15987921843534128
0.0,0.0,0.0
0.0,0.0,0.0
0.0,0.0,0.0
0.0,0.0,0.358866730814243
0.0,0.0,0.0
0.0,0.2742542158454495,0.779036107283642
0.460923772052726,0.0,0.0
0.0,0.0,0.0
1.0260391556405961,0.0,0.0
0.0,0.0,0.0
0.0,0.0,0.0
0.0,0.0,0.0
0.0,0.0,0.0
0.17796701547952412,0.0,0.0
0.0,0.6779131317821542,0.0
0.996877242832849,0.0,0.0
0.0,0.0,0.3754928980414432
0.0,0.0,0.0
1.091567354733009,0.0,0.0
1.3897648995271332,0.0,0.2501707136708696
0.0,0.0,0.0
0.0,0.0,0.0
0.0,0.39718204142904134,1.4313149308263182
0.0,0.0,0.0
0.0,0.5514407444792295,0.0
0.0,0.0,0.0
0.40310720841178055,0.0,0.0
0.0,0.20192662332883934,0.0
0.0,0.0,0.0
0.0,0.0,0.0
0.8661190648967195,0.0,0.0
0.0,0.0,0.0
0.24931539825436827,0.0,0.0
0.0,0.0,0.31079270683249927
0.0,0.0,0.0
0.0,0.0,0.3967595461400698
0.750511712457356,0.6608571475472795,0.2518626681958735
0.0,0.5490779545265005,0.0
0.2581612521057658,0.7474624050379157,0.39003358890770556
0.0,0.0,0.0
0.0,0.0,0.0
0.0,0.0,0.0
0.0,0.0,0.0
0.0,0.0,0.0
0.2249350246831143,0.49372082168770487,0.7356131277098839
0.601224708447927,0.8198934571983567,0.2553083579079312
0.0,0.2792737852292042,0.0
0.0,0.0,0.0
0.0,0.0,0.6930218189291683
0.0,0.17540311645412618,0.0
0.0,0.33209102820550734,0.0
0.0,0.30473326134476314,0.0
0.0,0.0,0.0
0.0,0.0,0.0
0.0,0.0,0.3674256231373351
0.0,0.3927574958826014,0.3070277557324664
0.0,0.0,0.0
0.0,0.0,0.0
0.0,0.0,0.0
0.37828143415551946,0.0,0.0
0.0,0.1899917296671737,0.0
0.0,0.5732571480436635,0.0
0.5445758092864255,1.6906399822994218,0.2631830976735026
0.6553009440251728,0.0,0.0
0.0,1.0,0.3157352140871954
0.36609544233726443,0.0,0.0
0.0,0.0,0.0
0.0,0.6779131317821542,0.0
0.5852488554624167,0.0,0.5437216369050214
0.6128880620779669,0.4798286660663593,0.0
0.0,0.0,0.0
0.0,0.0,0.0
0.0,1.3009035516733358,0.204646327039486
0.0,0.0,0.0
0.0,0.2407283976632757,0.0
0.0,0.7538447579507084,0.833368779559942
0.0,0.0,0.0
0.0,1.0,0.169036265173669
0.0,0.0,0.0
0.0,0.0,0.0
0.0,0.0,0.0
0.0,0.0,0.3557371788626434
0.0,0.0,0.0
0.0,0.0,0.0
0.0,0.5400991754880607,0.0
0.0,0.0,0.0
0.0,0.39471939235232056,0.0
0.0,0.7931727278092935,0.0
0.0,0.0,0.0
0.0,0.0,0.0
0.0,0.0,0.0
0.34403285195490735,0.0,0.4222183808530333
0.0,0.0,0.0
0.0,0.0,0.0
1.6334204058781798,0.0,0.0
0.0,0.0,0.0
0.0,0.2639521816688509,0.0
0.0,0.2855124037780337,0.0
0.0,0.0,0.0
0.0,0.0,0.0
0.0,0.6538702849934331,0.2873202537272085
0.0,0.29281823972847626,0.30415421022414163
0.0,0.4971805533434456,0.22892013525784038
0.0,0.0,0.0
0.0,0.0,0.0
0.0,0.0,0.0
0.0,0.2939334839514032,0.1319105309370871
0.0,0.0,0.0
0.0,0.0,0.0
1.0,0.0,0.0
0.0,0.0,0.0
0.0,0.2595353533107644,0.0
0.0,0.0,0.0
0.0,0.2709159098888835,0.5465556895370345
0.0,0.20862161909815988,0.2552044499776261
0.0,1.0350039896850056,0.7026318835007019
0.0,1.0,0.0
0.38660011599647215,0.0,0.39437002042186853
0.0,0.0,0.616315216884018
0.0,0.0,0.0
0.0,0.3307534029829259,0.0
0.0,0.8222593465972037,0.18906596013715782
0.0,0.31502228663978415,0.6350128658111138
0.0,0.0,0.15047357290812136
0.0,0.25085787597803433,0.0
0.0,0.0,0.0
0.537138135975732,0.0,0.0
0.0,0.0,0.0
0.0,0.0,0.0
0.0,1.1024248070818108,0.19364230744753974
0.0,0.7786366047427505,0.24416837797103336
0.0,0.0,0.0
0.0,0.0,0.0
0.25073511233325424,0.0,0.0
0.2511923175730881,0.6100540242105459,0.20089921102063985
0.0,0.0,0.0
0.0,0.23977486796738598,0.0
0.0,0.0,0.0
0.362450849593484,0.0,0.0
0.0,1.206298872808794,0.0
0.0,0.0,0.0
0.0,0.0,0.0
0.0,0.4294359404427198,0.39816240508423945
0.4704334317497389,0.0,0.6294862509928926
0.2363076397375797,0.2551832266593558,0.0
0.6981624962936335,0.0,0.0
0.34097818698182214,0.0,0.0
0.29383826190288476,0.2861542503578547,0.0
0.0,0.0,0.0
0.0,0.6261205787032369,0.8860189360525473
0.3470959466849535,0.3739366641644124,0.8426291755537285
0.0,0.9162607388222926,1.0398782537150573
0.4524500484307483,0.729216046652932,0.9606019323704926
0.37091512335320154,0.0,0.0
0.8363796934086625,0.0,0.0
0.0,0.25562817685116795,0.0
0.0,0.2279094421847788,0.6924001963397504
0.0,0.0,0.0
0.0,0.33803113794774925,0.0
0.0,0.0,0.0
0.0,0.0,0.0
0.0,0.0,0.0
0.0,0.0,0.0
0.8444053272315557,0.2574770301221296,0.0
0.0,0.0,0.0
0.0,1.4814107916397998,0.5441874439888161
0.0,0.0,0.0
0.0,0.226707384199128,0.22039511083430524
0.0,0.3027141042478105,0.0
0.38947983955622434,0.5994307696562001,0.2809146270353351
0.28525098648258934,0.0,0.0
0.0,1.020472592804453,0.19391568606660442
0.250437785064283,0.0,0.0
0.5099780450233102,0.0,0.0
0.8109120457447403,0.9267339833277661,0.6638479518445102
0.0,0.0,0.0
0.0,0.0,0.20881695937191105
0.0,0.0,0.15779244744920506
0.0,0.0,0.0
0.0,0.0,0.0
0.0,0.0,0.0
0.0,0.0,0.0
0.0,0.8912866083009618,0.3029442642116414
0.4657094832249773,0.0,0.0
0.28809293878829095,0.33020616776875056,0.23041168082835495
0.0,0.5517239038142406,0.0
0.0,0.27038745000465525,0.0
0.0,0.0,0.0
0.0,0.0,0.21464412579818798
0.5986298982339207,0.0,0.801025745491645
0.0,0.0,0.0
0.0,0.0,0.48067876489802164
0.6063103599708248,0.38266887006818096,0.24245819722638862
0.0,0.4129031681292351,0.2881160991960532
0.0,0.3273405720564373,0.0
0.1629125510828371,0.0,0.0
0.0,1.3494075875141802,0.23928824824490333
0.0,0.24160156925965584,0.0
0.0,0.32020108284024484,0.9188842887285775
0.9401149754747502,0.5401707573745548,0.5115726480529754
0.0,0.0,0.0
0.0,0.0,0.0
0.0,0.6463250085226047,0.0
0.0,0.0,0.7283148971210747
0.40190647097115695,0.1415303946477622,0.0
0.0,0.0,0.0
0.0,0.809066312758087,0.0
0.9043464921627182,0.0,0.0
0.0,0.0,0.0
0.0,0.226707384199128,0.22039511083430524
0.49838372058495195,0.0,0.0
0.0,0.2241201622180693,0.33392501646682354
0.0,0.44492232227462114,0.25680544679579237
0.0,0.0,0.0
0.0,0.3558473613941627,0.0
0.0,0.0,0.0
0.6492220145076577,0.4405770367899512,0.17572795781430983
0.0,0.0,0.0
0.0,0.6754108069556618,0.2738200976192274
0.3794597431335188,0.0,0.0
0.0,0.0,0.0
0.3006390400160329,0.30758425368261355,0.0
0.0,0.0,0.3967595461400698
0.7768115748264175,0.0,0.19110040448391083
0.0,0.9505477351630618,0.0
0.3077752677481011,0.35831246641324116,0.0
0.0,0.0,0.7283148971210747
0.0,0.0,0.0
0.0,0.0,0.3811832029961115
1.0,0.0,0.0
0.0,0.4069271143000074,0.0
0.0,0.0,0.23948222554546464
0.0,0.0,0.0
0.0,0.0,0.0
0.0,0.6217875989702836,0.1796060023673348
0.0,0.4364086646970406,0.0
0.0,0.813102292185776,0.21003803691686843
0.2532244819998865,0.0,0.0
0.2997865179025143,0.0,0.21622279079389842
0.0,0.47437701388149345,0.0
0.0,0.0,0.0
0.0,0.37081305240913054,0.35607317715899794
0.0,0.5116767293486886,0.0
0.0,1.2741372269958848,0.18148307581314002
0.0,0.26256044740209833,0.0
0.0,0.0,0.0
0.0,0.0,0.0
0.0,0.0,0.0
0.0,0.0,0.0
0.0,0.6160182740890239,0.5142985034827785
0.0,0.0,0.0
0.32899312147906745,0.0,0.0
0.2519133636866826,0.8259806327208619,1.0680781301391165
0.5228218392732737,0.5059679948083574,0.24948792050131263
0.2869604073942207,0.14087742755057364,0.9862139650860573
0.49578644423685214,0.0,0.0
1.0,0.0,0.0
1.0452956961512962,0.0,0.0
0.0,0.6588955241513588,0.0
0.0,0.0,0.0
0.2448195043324547,0.0,0.0
0.18778722753306853,0.20989811936006111,0.480242718401745
0.0,0.0,0.31079270683249927
0.0,0.0,0.0
0.5422760750230275,1.1803674891373972,0.1347845402824897
0.4264214712786847,0.0,0.0
0.0,0.0,0.0
0.2761351147293924,0.0,0.0
0.612699196970379,0.0,1.3247424138714066
0.0,1.0,0.3646653919661557
0.5980307445886989,0.0,0.0
1.3073355613090705,0.0,0.0
0.0,0.0,0.0
0.0,0.0,0.46494645039105525
0.0,0.0,0.0
1.0,0.0,0.0
0.3193754188167664,0.0,0.211303404171223
0.46229326828201833,0.0,0.0
0.5233806575268231,0.5131494928312954,0.2621049503205735
0.0,0.0,0.0
0.0,0.0,0.0
0.0,0.0,0.0
0.0,0.0,0.20865854981844764
0.0,0.0,0.2054959313228921
0.0,0.0,0.0
0.0,0.0,0.0
0.0,0.36194063277974686,0.2305505233434803
0.0,0.3426582467001493,0.0
0.30399299271887886,0.5195495543524089,0.14480981887930575
0.0,1.4037326685543705,0.0
0.0,0.6063417317735414,0.0
1.0,0.31825696571117945,0.0
0.0,0.0,0.3859394303571231
0.0,0.0,0.0
0.20873276105643535,0.4723481750278899,0.2218222200402896
0.0,0.0,0.0
0.0,0.0,0.0
0.0,0.5175227765128071,0.28911436334877316
0.0,0.2379380944464452,0.0
0.0,0.3602166943326771,0.0
0.0,0.6114817414954121,0.0
0.24169069762350218,0.249821605447232,0.0
0.0,0.0,0.0
0.0,0.0,0.0
0.4598732906416298,0.0,0.5486939893209123
0.5926041738106479,0.8331411667647303,0.27187371621576634
0.5569156190487945,0.14603695678660747,0.49185029486087295
0.42107294896429265,0.282138343454727,0.0
0.0,1.0279826417839888,1.0875799722702162
0.0,1.1200107298769924,0.22207356234267908
0.0,1.1805370504051707,0.17199666241884326
0.5656750470729967,0.0,0.3611242817439107
0.0,0.0,0.0
0.0,0.0,0.0
0.0,0.0,0.0
0.2719699843401237,0.30098937062329983,0.3931525775442993
0.0,0.0,0.0
0.0,0.0,0.0
0.0,0.0,0.0
0.0,0.0,0.0
0.0,0.0,0.0
0.3671295659598701,0.0,0.0
0.0,1.2817719421583698,0.131502598167016
0.17615005547571114,0.0,0.0
0.0,0.0,0.0
0.0,0.0,0.0
0.26393593459799847,0.0,0.0
0.4777818222364356,0.0,0.0
0.0,0.0,0.0
0.0,0.5400991754880607,0.0
1.3073355613090705,0.0,0.0
0.0,0.2977912333586653,0.0
0.3366554480885003,0.9451992621244218,0.26925112423910275
0.44472247347658084,0.0,0.2102411518367034
0.1791818684627349,0.0,0.0
0.0,0.0,0.0
0.35160569963174354,0.6376850257635149,0.2535976806606724
0.0,0.292684955703473,0.0
0.0,0.0,0.0
0.8381389110669968,0.40437470031748635,0.10929622570981738
0.0,0.8032076514812156,0.14580867268959613
0.0,0.48319812149535596,0.2645159013092901
0.0,0.45486122207101437,0.0
0.0,1.1663408359047767,0.0
0.0,0.0,0.0
0.4231312266711457,0.19280949334928482,0.0
0.0,0.0,0.0
0.1890601157114172,0.20416170384252824,0.2009159193598835
0.6516122113117355,0.0,0.0
0.3443623851947537,0.9445054019372745,0.2754149973980878
0.0,0.0,0.0
0.516061481746172,0.5679410589552322,0.2535046630994801
0.0,0.3440378976484993,0.0
0.0,0.0,0.0
1.0141996220240854,0.6399079854302813,0.0
0.0,0.6095831536552121,0.8328286470072186
0.8739461942512659,0.0,0.0
0.0,0.6779131317821542,0.0
0.0,0.689725262441647,0.20115386895156265
0.4124744086351864,0.6552648841176654,0.20290458963006294
0.31819197372489516,0.0,0.0
0.0,0.6114817414954121,0.0
0.0,0.0,0.0
0.24382979457243226,0.0,0.0
0.5759569458591165,0.18008177142438028,0.0
0.0,0.4129376212584315,0.0
0.0,0.0,0.0
0.3615614239032858,0.0,0.44875802497855816
0.16341542381342494,0.18085196306894857,0.0
0.0,0.0,0.0
0.0,0.0,0.0
0.0,0.0,0.0
0.0,0.0,0.0
0.3131725172729685,0.0,0.0
0.9582052285214588,0.0,0.0
0.0,0.0,0.0
0.46292696352595214,0.3592711433487393,0.18512043407833148
0.1999470207380636,0.20456609742533624,0.0
1.0,0.4131567653940989,0.0
0.0,0.408009248551974,0.0
0.0,0.519700708280561,0.0
0.0,0.0,0.0
0.0,0.0,0.18025928346266934
0.0,0.0,0.0
0.0,0.5882116569723072,0.0
0.0,0.3422799800862415,0.8871221397170086
0.0,1.3494075875141802,0.23928824824490333
0.0,0.0,0.0
0.4688140423896004,1.1128762424973986,0.0
0.0,0.27241750532156195,0.6495752076456682
0.0,0.0,0.0
0.0,0.4028781269614465,0.0
0.6313238386911522,0.0,0.0
0.182179911321299,1.2209756200780806,0.13139833348104618
0.0,0.0,0.0
0.0,0.0,0.5506722370197086
0.5831153651111408,0.0,0.0
0.4702107155339669,0.6751072678861787,0.37606628529448766
0.0,0.20376159265309676,0.7814946740676145
0.31533296561858193,0.0,0.0
0.0,0.0,0.0
0.0,0.4053694310878976,0.0
0.0,0.49478028183342293,0.0
0.0,0.5487087315651407,0.0
0.0,0.2022863803044889,0.0
0.0,0.0,0.0
0.18288997802942222,0.1871150113944264,0.7961326899340682
0.0,0.0,0.0
0.0,0.0,0.0
0.0,0.4561885650593914,0.0
0.0,0.0,0.15047357290812136
0.0,0.4195290078416262,0.0
0.0,0.5517239038142406,0.0
0.0,0.8032076514812156,0.14580867268959613
0.0,0.2319256632449428,0.0
0.0,0.0,0.0
0.0,0.0,0.0
0.2363076397375797,0.2551832266593558,0.0
0.0,1.2926933741875806,0.0
0.0,0.0,0.0
0.0,0.7262916339844099,0.7156472250421312
0.3063778653983376,0.33085046406529833,0.0
0.0,0.0,0.0
0.0,0.4694830288127707,0.0
0.0,0.0,0.44130061501446993
0.0,0.0,0.0
0.5434108204908507,0.0,0.18698692497310934
0.0,0.0,0.0
0.0,0.18054135794883597,0.0
0.0,0.0,0.0
0.7688988628624098,0.0,0.0
0.0,0.0,0.0
0.0,0.7000049699416591,0.2145133209082275
0.0,0.3293307157318305,0.0
0.0,0.29673245329983844,0.0
0.0,0.0,0.46743541180620646
0.0,1.022415518089711,0.2149187124499145
0.0,0.8456238931932696,0.8051702673216955
0.0,0.3085525191752587,0.0
0.33173686661329116,0.36713342075870137,0.0
0.0,0.47259333282296384,0.22696342401605643
0.5688095610810583,0.8028548390558113,0.20504281088208945
0.0,0.0,0.0
0.6070060048040931,0.0,0.0
0.418151387235284,0.43633166643067234,0.15064744069236122
0.0,0.4971805533434456,0.22892013525784038
0.506318005270707,0.38593875859226723,0.0989100080603262
0.0,0.0,0.0
0.0,0.0,0.0
0.0,0.0,0.6450109443715422
0.28495622840406337,0.0,0.0
0.0,0.0,0.36566656251251034
0.0,0.0,0.0
0.0,0.0,0.26080225354399345
0.0,0.0,0.0
0.0,0.0,0.0
0.18778722753306853,0.20989811936006111,0.480242718401745
0.0,1.2204609170845162,0.3076669997150258
0.0,0.0,0.19191820511453622
0.0,0.0,0.0
0.0,0.0,0.0
0.0,0.0,0.0
0.0,0.0,0.0
0.0,0.24584354292839822,0.49799275785906577
0.0,0.0,0.0
0.0,0.0,0.0
0.0,0.38950208936589603,0.8378810758720177
0.0,0.6912547945569489,0.0
0.0,1.100813207043556,0.0
0.0,0.0,0.0
0.0,0.0,0.0
0.0,0.0,0.0
0.24153372847448645,0.4534133094195476,0.0
0.0,0.0,0.5289871887056053
0.0,0.0,0.0
0.3327258298257496,0.0,0.0
0.0,0.0,0.4147571617445567
0.0,0.0,0.0
0.0,0.0,0.0
0.4767358995107796,0.5403322415364238,0.8854460724550699
0.0,1.259772528442499,0.19274357320775165
0.0,0.0,0.0
0.0,1.4037326685543705,0.0
0.0,0.3939219961026948,0.0
0.8222527017521275,0.0,0.0
0.6125422144505519,0.6249233502956651,0.199481608746349
0.0,0.0,0.0
0.0,0.0,0.3051841108488157
0.0,0.0,0.0
0.0,0.0,0.6253744868170764
0.0,1.4037326685543705,0.0
0.0,0.0,0.0
0.0,0.43580859613105016,0.0
0.0,0.0,0.0
0.8918748557826771,0.2636387687101162,0.0
0.0,1.2117141326671903,0.23852705340641775
0.0,0.0,0.0
0.0,0.0,0.25870443101381135
1.0255816524620713,0.0,0.0
0.0,0.0,0.0
0.0,0.9679683348369412,0.22230500125211972
0.0,0.0,0.0
0.0,0.0,0.0
0.0,0.408009248551974,0.0
0.4853934843730807,0.0,0.38820919758717437
0.7045051313474817,0.2933537650911198,0.0
0.0,0.0,0.0
0.0,0.0,0.0
0.0,0.0,0.0
0.0,0.2523323251652629,1.1448627429253704
0.0,0.20816484621211126,0.7538527540646832
0.0,0.0,0.0
0.0,0.0,0.0
0.0,0.0,0.0
0.0,0.0,0.0
0.40218159192392994,0.0,0.0
0.8381389110669968,0.40437470031748635,0.10929622570981738
0.0,0.0,0.0
0.0,0.0,0.0
0.23080772543803882,0.9288032214398523,0.0
0.0,0.0,0.5894259657511244
0.0,0.0,0.0
0.0,0.0,1.0
0.23995713204598434,0.6157446155405324,0.0
0.5587318167650611,1.2613603531353728,0.3074480278755146
0.9043464921627182,0.0,0.0
0.0,0.6187797234977436,1.8123300823732948
0.0,0.3422799800862415,0.8871221397170086
0.0,0.3038077516233337,0.0
0.0,0.0,0.0
0.2139828262074288,0.0,0.0
1.0260391556405961,0.0,0.0
0.0,0.0,0.0
0.0,0.0,0.0
0.0,0.0,0.37151659751818905
0.0,0.0,0.0
0.0,0.0,0.3550332012017317
0.6097880886425574,0.37745446292004586,0.0
0.0,0.0,0.0
1.3033909527427063,0.25326072127303073,0.0
0.0,0.0,0.0
0.0,0.0,0.0
0.4777818222364356,0.0,0.0
0.0,0.0,0.0
0.0,0.0,0.0
0.0,0.9413883371951113,0.0
0.0,0.0,0.19641521663281356
0.0,1.5265023838332437,0.0
0.0,0.0,0.0
0.0,0.6530812091307497,0.0
0.0,0.0,0.358866730814243
0.0,0.0,0.0
0.0,0.0,0.0
0.0,0.23060918055554794,0.0
0.0,0.0,0.40558995737870557
0.0,0.0,0.0
0.19998759892072693,0.0,0.0
0.0,0.3621110572994924,0.0
0.0,0.0,0.0
0.0,0.0,1.0
0.0,0.0,0.0
0.0,0.0,0.3163650978288825
0.0,0.0,0.0
0.0,0.4615973139949571,0.0
0.28525098648258934,0.0,0.0
0.0,0.4450165054592929,0.4126083204241959
0.3043981981430887,0.0,0.30683300056724133
0.3638494443841658,0.2779924347150625,0.0
0.0,0.0,0.0
0.0,0.0,0.0
0.0,0.0,0.6860586218582556
0.0,0.0,0.0
0.0,0.0,0.0
0.0,0.9308219277772778,0.0
0.30226517128698505,0.0,0.0
0.0,0.0,0.0
0.0,0.0,0.3811832029961115
0.0,0.0,0.0
0.0,0.0,0.0
0.0,0.0,0.0
0.0,0.0,0.0
0.0,0.24510540025226987,0.23303696321130027
0.8160457409022108,0.0,0.0
0.0,0.0,0.0
0.0,0.0,0.0
0.0,0.6270966024951212,0.868636578008315
0.0,0.0,0.0
0.44163090588303683,0.0,0.0
0.0,0.4743215145313009,0.0
0.0,0.44611101092201977,1.2185453628229876
0.0,0.0,0.0
0.0,0.2523853900278984,0.642711648671554
0.0,0.33396580884507526,0.19686854956729777
0.0,0.8629698799748684,0.27053206187829004
0.0,0.0,0.0
0.0,0.0,0.0
0.0,0.0,0.0
0.0,1.020472592804453,0.19391568606660442
0.0,1.4726794642157244,0.3602676215961204
0.0,0.0,0.0
0.4536731880877144,0.0,0.0
0.0,0.0,0.0
0.0,0.4195290078416262,0.0
0.0,0.0,0.0
1.0,0.2973578340172748,0.0
0.0,0.0,0.0
0.2580401950744324,0.33591560806717335,0.18611300970559017
0.48797992801505247,0.5612044403787787,0.11425276842650685
0.0,0.3861471335391375,0.0
1.2742001123769982,0.548413542803557,0.0
0.0,0.0,0.0
0.0,1.5761743735743474,0.2096876773086436
0.2566912546225396,0.5422896692907138,0.0
0.20733930055667596,0.0,0.16582633695908153
0.0,0.0,0.0
0.0,0.0,0.0
0.437499595358471,0.7162806022513946,0.0
0.32781172084633126,0.0,0.368684358163236
0.0,0.0,0.0
0.0,0.6062494828432197,0.3236864784998284
0.0,0.0,0.0
0.0,0.0,0.0
0.0,0.45363716049026975,0.21124355643716575
0.0,1.496971336384016,0.2629003146790396
0.0,0.4612761279103795,0.0
0.0,0.207284205463697,0.0
0.0,0.2939334839514032,0.1319105309370871
0.0,0.20215605634911404,0.35388514236635493
0.0,0.8208562036540987,0.0
0.0,0.0,0.0
0.0,0.4138068652520013,0.0
0.0,0.7071067811865476,0.1697351890516641
0.0,0.6270966024951212,0.868636578008315
0.0,0.2736822920801761,0.0
0.5652644232443932,0.4088309095264686,0.21437430875073823
0.0,0.0,0.0
0.0,0.45115786539443775,0.7002592636496574
0.45515435954174766,0.0,0.0
0.0,0.6572553879680875,0.2455390821110569
0.17796701547952412,0.0,0.0
0.0,0.0,0.0
0.30056141856450846,0.0,0.0
0.0,0.15524122361358503,0.29532576072001393
0.6070060048040931,0.0,0.0
0.0,0.0,0.6411104494838955
0.0,0.0,0.0
0.0,0.0,0.6694360257681913
0.0,0.0,0.0
0.0,0.3259353148459227,0.700809216304173
0.0,0.0,0.0
0.0,0.7065851389777036,0.0
0.0,0.0,0.0
0.0,0.0,0.0
0.0,0.5661307703677991,0.9196261520336875
0.34403175500718536,0.17485640219597123,0.0
0.0,0.0,0.7652229265321258
0.0,0.0,0.3422448183714684
0.0,0.0,0.16669051638537516
0.0,0.830892827212505,0.1430664793979927
0.0,0.6555995290902046,0.7284707389608306
0.0,0.0,0.0
0.0,0.0,0.3824007195234532
0.0,0.0,0.0
0.0,0.0,0.35373290172508187
0.0,0.0,0.0
0.0,0.0,0.0
0.49177652442987085,0.0,0.0
0.0,0.0,0.0
0.0,0.438997822551354,0.0
0.0,0.692716160165018,0.0
0.0,0.0,0.0
0.0,0.3248297307360962,0.30117410922666193
0.19456270689485966,0.0,0.0
0.0,0.0,0.0
0.0,0.0,0.28373489751204245
1.278369657736947,0.0,0.18519638123322155
0.0,0.0,0.37318938689645575
0.0,0.0,1.0
0.0,0.655413699610298,0.30780737378983347
0.0,1.1241796616981918,0.0
0.0,0.0,0.0
0.8589569446606902,0.0,0.352281832345473
0.0,0.0,0.47172140518119776
0.0,0.4505530938940666,0.12335743169073987
0.0,0.0,0.0
0.22558259031383077,0.3745953560644587,0.2734029494084535
0.2584312046600003,0.5606098555031395,0.0
0.0,0.4743215145313009,0.0
0.0,0.0,0.0
0.0,0.0,0.0
0.2412351571095693,0.0,0.2696392425939134
1.0,0.0,0.0
0.0,0.0,0.0
0.17007531003325557,0.15691970624112442,0.12266781854575057
0.0,0.0,0.28111611150916577
0.38947983955622434,0.5994307696562001,0.2809146270353351
1.0481010532035469,0.0,0.0
0.5455555381093234,0.0,0.2743504617704158
0.0,0.6606796600821905,0.4319283181432138
0.0,0.0,0.0
0.0,0.0,0.3637455764852538
0.0,0.0,0.0
0.0,0.0,0.0
0.0,0.0,0.0
0.0,0.28844663914997887,0.0
0.0,0.0,0.21787345750068518
0.0,0.6821691093052897,0.0
0.0,1.062399152366941,0.16939478200659192
0.0,0.0,0.31079270683249927
0.0,0.5075432526626956,0.0
0.4184698405071928,0.0,0.0
0.0,0.0,0.0
0.0,1.2372633621273401,0.27266871792430664
0.22579963022754262,0.5780613609360037,0.1628593125188706
0.0,0.4696778414095209,0.0
0.0,0.0,0.0
0.0,0.0,0.0
0.0,0.0,0.0
0.0,0.18716247079783466,0.0
0.0,0.23986811471308264,0.0
0.0,0.5488469985944363,0.0
0.0,0.0,0.0
1.0884828515497582,0.0,0.0
1.3897648995271332,0.0,0.2501707136708696
0.0,0.0,0.3118151335742774
0.0,0.2855124037780337,0.0
0.42327675503093365,0.0,0.0
0.0,0.0,0.45657605390787087
0.0,0.0,0.0
0.3854065134531724,0.0,0.0
0.0,0.0,0.42742179483910414
0.0,0.0,0.0
0.4242203888154969,0.4102679383764185,1.2336832906469701
0.0,0.2742542158454495,0.779036107283642
0.0,0.0,0.0
0.0,0.0,0.0
0.0,0.5483854149257186,0.0
0.0,0.0,0.0
0.7924066390620885,0.0,0.35001251494888574
0.4704334317497389,0.0,0.6294862509928926
0.0,0.5763522548336185,0.0
0.0,0.0,0.0
0.0,0.0,0.0
0.0,1.4229802407482701,0.0
0.0,0.0,0.0
0.0,0.20549700975018131,0.0
0.0,0.0,0.4539996324966931
0.0,0.0,0.0
0.8363796934086625,0.0,0.0
0.0,0.0,0.0
0.0,0.5116767293486886,0.0
0.0,0.0,0.0
0.5099780450233102,0.0,0.0
0.0,0.4129031681292351,0.2881160991960532
0.0,0.7622715488679762,0.0
0.0,0.0,0.0
0.2010882418177185,0.0,0.0
0.0,0.0,0.0
0.8589569446606902,0.0,0.352281832345473
0.0,0.3260115930738905,0.31126687189631197
0.2482695331817055,0.4952540573961955,0.13120119362010735
0.5077709782843205,0.36957844116773814,0.0
0.0,0.0,0.0
0.0,0.7275440344750963,0.17177059238577289
0.0,0.0,0.0
0.0,0.5803169798705576,0.0
0.0,0.0,0.1706439997578768
0.0,0.22280969342697732,0.0
0.0,0.27344665894525255,0.0
0.0,0.4743479609899347,0.21398265031758334
0.0,0.0,0.0
0.0,0.37139777706633414,0.6332651599616552
0.3744099259291702,0.0,0.0
0.5653078884086908,0.300333166743004,0.0
0.21884517931859426,0.0,0.0
0.0,0.0,0.0
0.0,0.0,0.0
0.0,0.4385289995266313,1.4539065537082205
0.0,0.27616123889170463,0.16722979720016728
0.0,0.0,0.0
0.0,0.4245264705223326,0.0
0.0,0.4251734819052726,1.4400827085735906
0.0,0.0,0.0
0.0,0.0,0.0
0.0,0.0,0.0
0.0,0.0,0.0
0.0,0.7906938714273479,0.21768641035812925
0.0,0.0,0.0
0.0,0.584823988310393,0.6657572296805329
0.0,0.0,0.0
0.5449076781526538,0.421022815182058,0.0
0.0,0.2772125992393421,0.47651649517502065
0.24057941889700168,0.24013731331023144,0.0
0.338963360270635,0.0,0.0
0.0,0.0,0.0
0.17203774587373832,0.34413346659597077,0.3364632447824583
0.0,0.0,0.0
0.0,0.0,0.0
0.0,0.0,0.4799429704288381
0.27776099133449794,0.8423352785141447,0.0
0.0,0.0,0.0
0.2698847473460338,0.26935560425605254,0.0
0.0,0.0,0.0
0.0,0.0,0.0
0.0,0.0,0.0
0.0,0.4962916074721877,0.9656032406814765
0.0,0.21832961540748136,0.33241828784569755
0.0,0.2792737852292042,0.0
0.0,0.8279074997892604,0.0
0.36739799464258216,0.5695447098065833,0.0
0.0,0.0,0.0
0.20981772932555284,0.0,0.0
0.0,0.0,0.0
0.9510934368017543,0.575335797548141,0.0
0.23080772543803882,0.9288032214398523,0.0
0.0,0.6963313386977971,0.5030668646791899
0.0,0.31037860837243353,0.7030106109855356
1.1647975944238294,0.0,0.3774940683438928
0.0,0.0,0.0
0.0,0.6179134236447468,0.0
0.4589522843144031,0.0,0.0
0.0,0.8458581389353232,0.6296222879618858
0.41354175919603375,0.0,0.0
0.0,0.4971805533434456,0.22892013525784038
0.0,0.0,0.0
0.618503375111266,0.0,0.0
0.0,0.0,0.0
0.0,0.5487087315651407,0.0
0.0,0.0,0.6946635114063824
0.0,0.6649709441615133,0.0
0.0,0.49115807529227345,0.0
0.0,0.0,0.0
0.0,1.1347825001603145,0.0
0.0,0.910588803902554,0.0
0.0,0.0,0.0
0.0,1.671597726002361,0.19928610642014158
0.0,0.0,0.0
0.0,0.0,0.0
0.0,0.0,0.0
0.5303967644970667,0.0,0.0
0.29269387069159186,0.0,0.0
0.0,0.0,0.0
0.0,0.0,0.0
0.0,0.0,0.0
0.0,0.351785828366443,0.0
0.0,0.3752742393652386,0.0
0.0,0.4934380299508013,0.0
0.0,0.6580834694525317,0.0
0.0,0.20617964743656395,0.0
0.0,0.0,0.0
0.4349053721276305,0.0,0.32771104482709534
0.4977507739283644,0.0,0.0
0.48845585860442703,0.0,0.0
0.23993374711597013,0.0,0.0
0.0,0.0,0.0
0.0,0.0,0.0
0.0,0.0,0.5119597067856324
0.5064961252096221,0.0,0.0
0.3833960141698,0.21426937124947226,0.21426937124947226
0.0,0.0,0.22374425553544713
0.0,0.0,0.0
0.0,0.2585665445224249,0.0
0.47017879558632875,0.24052031620726727,0.2498316596900433
0.0,0.6853441516153941,0.2049950346387556
0.3381343704686299,1.6412711175225385,0.2438814051999498
0.0,0.0,0.0
0.0,0.0,0.0
0.0,0.0,0.0
0.0,0.0,0.0
0.0,0.0,0.0
0.4040299147313623,0.0,0.0
0.0,0.2604618022011232,0.5668410697072582
1.0,0.8240894580650785,0.0
0.0,0.0,0.0
0.0,0.0,0.0
0.0,0.0,0.0
0.35378533789139077,0.0,0.0
0.45137259923175777,0.2667329324661348,0.45818784772227183
0.0,0.0,0.0
0.5330580964121605,0.0,0.0
0.0,0.0,0.0
0.0,0.0,0.0
1.413798601465861,0.0,0.0
0.0,0.0,0.0
0.0,0.0,0.0
0.0,0.7504230469928653,0.0
0.0,0.4573106217753358,0.0
0.0,0.0,0.0
0.0,0.30548176778786784,0.0
0.0,0.8983191173339926,0.1996456289968672
0.0,0.5931899957135713,0.1646889336181414
0.0,0.0,1.0
0.0,0.0,0.0
0.0,0.0,0.5865567875574188
0.0,1.3773446113180987,0.0
0.0,0.0,0.0
0.0,0.0,0.0
0.0,0.3602166943326771,0.0
0.8319191109951268,0.0,0.0
0.0,0.21136478902504097,0.0
0.0,0.3460284352579177,0.0
0.0,0.0,0.0
0.0,0.0,0.0
0.0,0.2649730261279859,1.5588840328114375
0.0,0.0,0.0
0.0,0.6912832545598013,1.217074431488411
0.0,0.0,0.0
0.0,0.0,0.0
0.0,0.0,0.0
0.0,0.6608571475472795,0.2563756402037736
0.7041725070145406,0.0,0.19521796739251016
0.0,0.0,0.0
0.0,0.0,0.0
0.4040299147313623,0.0,0.0
0.9179600542426926,0.42865943855767497,0.0
0.0,0.0,1.0
0.0,0.0,0.0
0.0,1.1347825001603145,0.0
0.0,0.0,0.0
0.0,0.5316577821607367,0.0
0.0,0.21920127893899236,0.0
0.24283133649198368,0.16592415415019063,0.0
0.0,0.0,0.0
0.0,0.0,0.0
0.0,0.0,0.47563553234091244
0.29480965374116064,1.2625875432046167,0.17336838141359287
0.0,0.8458581389353232,0.6296222879618858
0.24931539825436827,0.0,0.0
0.5114029017197245,0.6556460950232464,0.0
0.0,0.0,0.0
0.0,0.9937538166440478,0.0
0.32551231814702547,0.0,0.0
0.45338984832692747,0.0,1.0
0.0,0.30024805217667644,0.0
0.0,0.5994722452002508,0.0
0.0,0.8526707828708125,0.2713230509617213
0.0,0.0,0.0
1.0,0.31825696571117945,0.0
0.0,0.0,0.0
0.0,0.40647271470116514,0.0
0.250437785064283,0.0,0.0
0.0,0.0,0.0
0.0,0.0,0.0
0.0,0.0,0.0
0.0,0.0,0.0
0.0,1.6825136026603646,0.24964233794947077
0.0,1.1112329504095002,0.3599940729901527
0.0,1.0,0.33539891648904235
0.24169069762350218,0.249821605447232,0.0
0.0,0.0,0.0
0.6033851716908472,0.28777944502638325,0.0
0.0,0.0,0.0
0.0,0.0,0.0
0.0,0.0,0.0
0.0,0.5251793265565057,0.5129932050644936
0.0,0.0,0.0
0.0,0.0,0.0
0.0,0.9162607388222926,1.0398782537150573
0.0,0.0,0.4195059235962992
0.0,0.5490779545265005,0.0
0.0,0.0,0.0
0.4167718841017239,0.0,0.0
0.24075913684926056,0.0,0.613120774275042
0.0,0.0,0.0
0.0,0.0,0.0
0.0,0.0,0.0
0.8381389110669968,0.40437470031748635,0.10929622570981738
0.23993374711597013,0.0,0.0
0.0,0.0,0.0
1.2057946810127915,0.7390209223716321,0.16435232629823857
0.0,0.46797938876252987,0.8901853088572347
0.0,0.0,0.0
0.0,0.0,0.0
0.0,0.28750387671314065,0.0
0.40218159192392994,0.0,0.0
0.0,0.43277536904238845,0.21929003059432997
0.0,0.0,0.0
1.0,0.0,0.0
0.0,0.0,0.0
0.0,0.0,0.0
0.0,0.5127555305794991,0.0
0.0,0.0,0.0
0.0,0.0,0.0
0.0,0.0,0.0
0.0,0.8789292788857268,0.20715590535395734
0.16828084697864096,0.827727394919193,0.0
0.250437785064283,0.0,0.0
0.0,0.24482592714437315,0.0
0.0,0.6270966024951212,0.868636578008315
0.0,0.0,0.0
0.0,1.2204999704845059,0.20666038883409615
0.0,0.0,0.0
1.0,0.0,0.0
0.15910452877607442,0.17783819384566982,0.0
0.0,0.0,0.0
0.4589522843144031,0.0,0.0
0.20154220643560478,0.0,0.0
0.9695629222401067,0.40579482696926594,0.0
0.0,0.0,0.0
0.0,0.0,0.0
0.0,0.0,0.0
0.5590736124173993,0.2342981957760453,0.0
0.0,1.0061623724850992,0.8068629393135778
0.5051961098089103,0.214458640867331,0.21104915458466775
0.0,0.0,0.0
0.0,1.7127615209994393,0.27132281391087476
0.0,0.0,0.0
0.0,0.4245264705223326,0.0
0.0,0.0,0.0
0.0,0.0,0.0
0.247916710294833,0.2498997319122279,0.0
1.0,0.0,0.0
0.0,0.0,0.0
0.0,0.0,0.0
0.0,0.0,0.0
0.0,0.0,0.0
0.0,0.0,0.4252831780223069
0.0,0.0,0.0
0.0,0.0,0.0
0.0,0.6717197918296138,0.0
1.0,0.0,0.0
0.0,0.0,0.0
0.0,0.5251793265565057,0.5129932050644936
0.0,0.4028781269614465,0.0
0.48877657199189256,0.0,0.4826927512496828
0.0,0.0,0.0
0.26163120017021346,0.0,0.17483785667228338
0.0,0.0,0.0
0.2501515479140792,0.0,0.0
0.0,0.0,0.0
0.0,0.0,0.0
0.0,0.0,0.0
0.27205397006016213,0.2783388256491388,0.0
0.0,0.0,0.0
0.2950649783134403,0.0,0.5242095481841917
0.2704139935743494,0.0,0.0
0.0,0.8458581389353232,0.6296222879618858
0.0,0.0,0.0
0.0,0.209875863881367,0.0
0.6147734790167473,0.22990733541129785,0.0
0.0,0.39718204142904134,1.4313149308263182
0.5544795728317761,0.17973700918891514,0.0
0.0,0.33396580884507526,0.19686854956729777
0.0,0.0,0.0
0.0,0.0,0.0
0.3261595123438255,0.0,0.0
0.0,0.23696424694353732,0.0
0.0,0.0,0.0
0.0,0.46156717327321206,0.18444957867598974
0.0,0.17208748851583164,0.0
0.39727808899518874,0.2537129484350386,0.0
0.0,0.0,0.0
0.0,0.0,0.0
0.0,0.0,0.0
0.0,0.35027169909596245,0.0
0.0,0.5559582534112298,0.0
0.0,0.0,0.0
0.0,0.3905529246898105,0.0
0.0,1.2860232828753393,0.20465896242526166
0.0,0.0,0.0
0.0,0.0,0.1964861065319562
0.0,0.0,0.0
1.0,0.0,0.0
0.0,0.0,0.5039072381028163
0.0,0.0,0.0
0.0,0.0,0.0
0.0,0.41749690451251625,0.0
0.0,0.0,0.0
0.0,0.0,0.0
0.6088580708811993,0.2441880589009063,0.0
0.21840652238314007,0.0,0.0
0.0,0.44742761537206643,0.0
1.0,0.0,0.0
0.0,0.0,0.2846540642384489
0.0,0.3062494944252251,0.7992555937244544
0.0,0.0,0.0
1.3033909527427063,0.25326072127303073,0.0
0.0,0.0,0.0
0.0,0.0,0.2613616578159021
0.0,0.20584554902007496,0.0
0.0,0.0,0.0
0.0,0.0,0.0
0.7041725070145406,0.0,0.19521796739251016
0.0,0.535696738258676,0.0
0.25790350448521776,0.0,0.0
0.0,0.0,0.0
0.0,0.6160182740890239,0.5142985034827785
0.0,0.0,0.6296233250495856
1.0884828515497582,0.0,0.0
0.5455555381093234,0.0,0.2743504617704158
0.0,0.0,1.0
0.0,1.3295225169195166,0.2575954880396585
0.0,0.0,0.0
0.0,0.2994099662474283,0.0
0.0,0.0,0.0
0.0,0.0,0.5376323729855563
0.34575611277748197,0.0,0.0
0.6070060048040931,0.0,0.0
0.0,0.0,0.0
0.0,0.0,0.0
0.26506650685434924,0.2739838187558115,1.0
0.0,0.4040949784794223,0.0
0.6776117823108598,0.3339587268458928,1.0810891902513553
0.28525098648258934,0.0,0.0
0.0,0.5039577022072228,0.0
0.0,0.8968035094773048,0.2820582601549266
0.0,0.0,0.0
0.0,0.0,0.0
0.0,0.33670609477738844,0.0
0.0,0.0,0.0
0.0,0.0,0.0
0.0,0.7659496981214361,0.0
0.0,1.2059990128954707,0.0
0.30017910135270276,0.0,0.0
0.0,0.0,0.0
0.0,0.0,0.4584868553967509
0.0,0.6538702849934331,0.2873202537272085
0.0,0.0,0.0
0.0,0.0,0.32437940696292544
0.0,0.0,0.0
0.5495689666166265,1.2814614224347913,0.0
0.0,0.0,0.0
0.0,0.0,0.0
0.0,0.0,0.0
0.0,0.25783299123828624,0.0
0.3372213143638858,0.2844268445351302,0.2872651207737622
0.0,0.15455274466231664,0.0
0.0,0.3511204166161368,0.0
0.5228218392732737,0.5059679948083574,0.24948792050131263
0.0,0.0,0.0
0.7425715570301064,0.7324130448857231,0.24041168033972846
0.0,0.0,0.0
0.2501515479140792,0.0,0.0
0.0,0.0,0.0
0.5422760750230275,1.1803674891373972,0.1347845402824897
0.0,0.32297229572725916,0.14710813267346762
0.0,0.1733544430038487,0.5061507909093376
0.0,0.0,0.0
0.0,0.20294154249914065,0.0
0.0,0.0,0.18052786339950982
0.0,0.0,0.0
0.0,0.0,0.0
0.5587318167650611,1.2613603531353728,0.3074480278755146
0.0,0.0,0.3526817925929908
0.0,0.6958519276649204,0.0
0.0,0.0,0.0
0.0,0.5943764916839714,0.19140200861020584
0.0,0.45244171867481003,0.0
0.0,0.27885961082469185,0.25855174863181773
1.2139787741891817,0.0,0.13130844708346107
0.0,1.3985917496165765,0.2264288346018799
0.0,0.0,0.6582094719330643
0.0,0.45827305796995693,1.0
0.0,0.8431350334261791,0.0
0.0,0.5909587831163459,0.22885542715592036
0.0,0.0,0.0
0.0,0.5116767293486886,0.0
0.0,0.705833864612059,0.7727397773658975
0.47094974132954975,0.0,0.0
0.0,0.0,0.0
0.0,0.0,0.0
0.5364903617065706,0.0,0.5693010184667744
0.997523110870879,0.0,0.0
0.0,1.0788849916057728,0.23060922852648688
0.0,0.0,0.15880342609174494
0.0,0.6052043404061879,0.17953339898133563
0.0,1.1241796616981918,0.0
0.0,0.0,0.0
0.0,0.0,0.0
0.0,0.2792737852292042,0.0
0.0,0.330883496697727,0.0
0.34427668056894345,0.2835807843152635,0.0
0.0,0.0,0.0
0.23816835264018457,0.0,0.22825272698458612
0.4925910629001758,0.0,0.0
0.0,0.0,0.0
0.0,0.0,0.0
0.0,0.6538702849934331,0.2873202537272085
0.23431165402145385,0.0,0.26190053588489026
0.0,0.7880721097753693,0.21847442744741727
0.0,0.0,0.0
0.0,0.0,0.0
0.41354175919603375,0.0,0.0
0.0,0.0,0.0
0.0,0.0,0.0
0.0,0.26859078383617624,0.0
0.0,0.0,0.4195059235962992
0.0,0.0,0.0
0.0,0.0,0.0
0.0,0.28335854488544104,0.2720949996150274
0.0,0.18874697576549732,0.19605400059567107
0.0,0.24834224996178997,0.25891139138009545
0.6337458647006016,0.0,0.0
0.0,0.0,0.0
0.0,0.0,0.0
0.8867911454233451,0.0,0.0
0.0,0.5994722452002508,0.0
0.0,0.6608571475472795,0.2563756402037736
0.0,0.9711509917717507,0.2587855079635996
0.0,0.3402791028422696,0.0
0.0,0.0,0.3550332012017317
0.0,0.0,0.0
0.0,0.0,0.0
0.0,0.0,0.0
0.0,1.3045784484823095,0.3633533192658957
0.0,0.8331978943062833,0.20232363058898553
0.0,0.5105838263084499,0.19074515986868604
0.1808694995180747,0.16687894748982568,0.17333938802401688
0.0,0.0,0.3165924657491574
0.0,0.0,0.0
0.0,0.0,0.5184757498602028
0.7119050680880928,0.0,0.28150333599901334
0.0,0.6715944066076562,0.24886840515775424
0.0,0.38986768515663106,0.0
0.0,0.5422875541920245,0.0
0.0,0.26215450251552896,0.0
0.0,0.24482592714437315,0.0
0.0,0.0,0.0
0.16267234158576996,0.0,0.0
0.0,0.5369880542860207,0.1887241446181651
0.0,0.9311255171273861,0.3365092369577875
0.13545164696870626,0.0,0.0
0.0,0.0,0.0
0.2162012001235969,0.5506060714695103,0.15593638830321188
0.0,0.0,0.3474263934708811
0.0,0.0,0.0
0.0,0.3695294960343443,0.0
0.0,0.7252281202329678,0.0
0.35131601363581144,0.0,0.0
0.31897551126115625,0.4127660980844379,0.20221002050689296
0.0,0.0,0.0
0.0,0.6052043404061879,0.17953339898133563
0.0,0.0,0.0
0.0,0.5882116569723072,0.0
0.46811828641507186,0.0,0.0
0.0,0.26330749399653985,0.0
0.0,0.0,0.0
0.0,0.0,0.5186451550152262
0.7510077302525273,0.0,0.0
0.0,0.0,0.0
0.0,0.0,0.3006742320702243
0.2197405730193325,0.36281676418056896,0.17574465722249794
0.0,0.6608571475472795,0.3747599299073029
0.0,0.0,0.0
0.0,0.4481175976771335,0.0
0.49982551620939736,0.0,0.0
0.0,0.0,0.0
0.0,0.0,0.0
0.284910454846092,0.0,0.0
0.0,0.0,0.3275878692714612
0.0,0.35146912327070506,0.0
0.0,0.0,0.0
0.7140515590314898,0.7000931159815093,0.22988960818591747
0.0,0.0,0.21624844815610672
0.0,0.0,0.0
0.5066515892882296,0.0,0.628839117034928
0.0,0.0,0.2869122869403435
0.0,1.0712345938088395,0.0
0.0,0.8250211534733621,0.4055987554038262
0.0,0.0,0.0
0.0,0.0,0.0
0.3794597431335188,0.0,0.0
0.3796771442745812,0.9820388054790343,1.0639570195461108
0.0,0.0,0.22594554182431656
0.28681837403045923,0.626353591166205,0.20686944068645843
0.0,0.0,0.0
0.0,0.7192568887363444,0.2687017550489088
0.0,0.0,0.22374425553544713
0.0,0.25917214110518716,0.0
0.0,0.0,0.3955068618730315
0.0,1.100813207043556,0.0
0.0,0.9269602666622818,0.27695685381756896
0.0,0.0,0.0
0.9510934368017543,0.575335797548141,0.0
1.0,0.0,0.0
1.0,0.4131567653940989,0.0
0.0,0.0,0.0
0.0,0.0,0.0
0.0,0.22256694593862644,0.0
0.0,0.0,0.0
0.0,0.0,0.0
0.0,0.0,0.0
0.0,0.0,0.0
0.0,0.9149149173529425,0.0
0.0,0.0,0.980395791860575
0.0,0.0,0.0
0.4091711340456345,0.0,0.41538651955879285
0.0,0.9712808889726915,0.26962838583621274
0.0,0.0,0.0
0.0,0.7476425019052115,1.3869297490153527
0.42421444456639523,0.0,0.14368492314795825
0.0,0.796279268060737,0.17057986752997512
0.0,0.5923475083070857,0.8277875296910758
0.6030319331974461,0.0,0.0
0.0,0.1607177422659438,0.15432918755868064
0.0,0.0,0.0
0.0,0.0,0.0
0.5115703016847415,0.0,0.26552235317983724
0.2408492302381701,0.26654801043718757,0.0
0.0,0.0,0.0
0.0,0.0,0.0
0.0,0.3293307157318305,0.0
0.0,1.8472174426939292,0.24457289627339568
0.0,0.0,0.0
0.0,0.0,0.25063037304425356
0.2719699843401237,0.30098937062329983,0.3931525775442993
0.19052663914636322,0.0,0.0
0.23080772543803882,0.9288032214398523,0.0
0.3523325950147957,0.0,0.0
0.0,0.0,0.39131525122135125
0.0,0.0,1.1113517373857278
1.2494172330174826,0.2337538043073701,0.0
0.0,0.0,0.0
0.0,0.0,1.0
0.0,0.0,0.0
0.0,0.0,0.0
0.0,0.40591031376449244,0.1439885489520362
0.2826789806122821,0.0,0.0
0.0,0.0,0.36277906136507704
0.49351563148500527,0.0,0.0
0.0,0.0,0.0
0.0,1.0,0.23446066428538365
0.3824113814913943,0.0,0.0
0.0,1.4704326590162935,0.18546039831367556
0.0,0.0,0.0
0.0,0.0,0.0
0.0,0.0,0.0
0.0,0.0,0.0
0.0,0.4693021438934737,0.3722172786003657
0.0,0.31241720688739716,0.0
0.0,0.4694830288127707,0.0
0.0,0.0,0.0
0.0,0.0,0.0
0.2861280793107529,0.19530259876799977,0.44824741714718236
0.0,0.0,0.0
0.0,0.0,0.0
0.0,0.0,0.0
0.0,0.7374036280693912,0.24118420875262014
0.8155557318030244,0.0,0.0
0.0,0.0,0.0
0.0,0.0,0.15880342609174494
0.0,0.0,0.0
0.0,1.0524326117897806,0.18792842818687117
0.0,0.23887597025859295,0.24812365562643693
0.0,0.0,0.0
0.0,0.0,0.0
0.0,0.0,0.0
0.0,0.0,0.0
0.2560142437488365,0.29343823100309185,0.0
0.0,0.4561885650593914,0.0
0.0,0.36724836054556803,0.19067623905573997
0.0,0.0,0.4358191095687544
0.0,0.0,0.0
1.1711224782496383,0.3423161344932349,0.15880906832794134
0.0,0.6718854414713467,0.0
0.0,0.0,0.0
0.0,0.0,0.7106879676995311
0.49982551620939736,0.0,0.0
0.0,0.2283665615707034,0.0
0.2691484900473665,0.5965422986359279,0.27130133917729565
0.8545239224421791,0.5194120387265131,0.0
0.0,0.0,0.0
0.30721666154586696,0.2382452297134924,0.6072014186354536
0.0,0.0,0.0
0.0,0.0,0.0
0.30226517128698505,0.0,0.0
0.0,0.0,0.0
0.0,0.0,0.0
0.0,0.0,0.0
0.0,0.0,0.0
0.0,0.0,0.0
0.0,0.5517239038142406,0.0
0.0,0.0,0.0
0.0,0.0,0.0
0.6137596202269537,0.0,0.7894929566366413
0.24932869022627827,0.0,0.0
0.0,1.4814107916397998,0.5441874439888161
1.0,0.0,0.0
0.0,0.0,0.0
0.5963992868502288,0.0,0.0
0.0,0.0,0.0
0.0,1.1187577901928356,0.3767754414687241
0.3506346211576294,0.0,0.0
0.0,0.0,0.0
0.0,0.3393048938774418,0.0
0.0,0.38846430914200764,0.0
0.2597748944668842,0.0,0.0
0.0,0.0,0.0
0.3287441163533421,0.6997655624527369,0.1673412717889304
0.0,0.8331978943062833,0.20232363058898553
0.20585112871842123,0.2127763292721784,0.0
0.0,0.0,0.0
0.0,0.0,0.42181735859799935
0.0,1.3391976678220212,0.25167468982088287
0.0,0.0,0.0
0.0,0.796279268060737,0.17057986752997512
0.3584379130989,0.0,0.0
0.0,0.0,0.0
0.0,0.0,0.0
0.0,0.0,0.0
0.0,1.7127615209994393,0.27132281391087476
0.21260107191978425,0.5094321658113001,0.1700346094318727
0.0,0.2930072563928637,0.0
0.0,0.0,0.0
0.3069791533913543,0.0,0.0
0.0,0.0,0.0
0.0,0.0,0.2292513406440268
0.0,0.0,0.0
0.0,0.0,0.0
0.0,0.0,0.0
1.0,0.0,0.0
0.5099780450233102,0.0,0.0
0.0,0.6606796600821905,0.4319283181432138
0.0,0.0,0.0
0.0,0.809066312758087,0.0
0.0,0.0,0.0
0.0,0.0,0.0
0.0,0.0,0.0
0.0,0.40591031376449244,0.1439885489520362
0.0,0.0,0.0
0.0,0.0,0.0
0.17615005547571114,0.0,0.0
0.0,0.0,0.0
0.29683715184567033,0.0,1.0
0.0,0.0,0.0
0.0,1.503298780931891,0.21109558564446615
0.3774443361843922,0.9140731150825467,0.0
0.0,0.2789084569498823,0.30470912328973465
0.32327421101064674,0.0,0.0
0.0,0.0,0.0
0.30056141856450846,0.0,0.0
0.0,0.0,0.0
0.0,0.0,0.0
0.0,0.6251965928575283,0.6833474073713344
0.0,0.0,0.0
0.0,0.0,0.0
0.4589522843144031,0.0,0.0
0.27776099133449794,0.8423352785141447,0.0
0.0,0.0,0.0
0.0,0.0,0.0
0.0,0.0,0.0
0.6897710018304148,0.29193277042346716,0.0
0.0,0.0,0.36277906136507704
0.0,0.7487961772266906,0.170824903173096
1.175299161414375,0.0,0.32561915737668934
0.9986193285960427,0.0,0.0
0.0,0.5512753703115534,0.0
0.0,1.414506247576766,0.0
0.0,0.0,0.5329384035482515
0.0,0.8343326265092792,0.185308996727891
0.0,0.7622715488679762,0.0
0.3637179534330062,0.5296073277587323,0.0
0.0,0.0,0.6582094719330643
0.0,0.4040949784794223,0.0
0.0,1.0534658336576035,0.0
0.0,0.0,0.0
0.0,0.0,0.0
0.0,0.3708241372387234,0.0
0.0,0.0,0.0
0.0,0.0,0.4145150999953384
0.0,0.0,0.0
0.0,0.0,0.0
0.28495622840406337,0.0,0.0
0.0,0.0,0.0
0.0,0.0,0.0
0.0,0.0,0.5373708655618983
0.0,0.0,0.0
0.0,0.7321572087627631,0.0
0.0,0.0,0.0
0.1856296554425667,0.0,0.0
0.0,0.0,0.0
0.0,0.31801853333809965,1.308272943848129
0.0,1.503298780931891,0.21109558564446615
1.0,0.0,0.0
0.0,0.0,0.0
0.0,0.0,0.0
0.0,0.539347907138563,0.0
0.0,0.0,0.0
0.0,1.4876735563108086,0.3489462921810718
0.18545682713305817,0.0,0.14832511841681537
0.0,0.5882116569723072,0.0
0.30056141856450846,0.0,0.0
0.3773403107808676,0.28223341719620687,0.0
0.0,0.19270342383657232,0.21052961955443097
0.0,0.0,0.0
0.0,0.27744639227600437,0.0
0.0,0.15315321232830906,0.0
0.3366554480885003,0.9451992621244218,0.26925112423910275
0.0,0.0,0.27725865085078855
0.0,0.0,0.0
0.0,0.0,0.0
0.0,0.0,0.5466058570846857
0.0,0.0,0.0
0.0,0.0,0.4826603929335413
0.4141827090609818,0.6798652690756996,0.33125606814998076
0.0,0.3293322647720751,0.0
0.47017879558632875,0.24052031620726727,0.2498316596900433
0.0,0.0,0.0
0.0,0.0,0.0
0.3773403107808676,0.28223341719620687,0.0
0.4977507739283644,0.0,0.0
0.0,0.19171414791682748,0.0
0.0,0.24270903769093907,0.0
0.3773403107808676,0.28223341719620687,0.0
0.0,0.3791064649627382,0.0
0.0,0.4053694310878976,0.0
0.0,0.0,0.0
0.0,0.0,0.0
0.2887069737828449,0.0,0.0
0.0,0.30636375569258556,0.0
0.0,0.0,0.0
0.30954022089102506,0.0,0.0
0.0,0.0,0.0
0.0,0.0,0.0
0.574947402930459,0.0,0.0
1.3033909527427063,0.25326072127303073,0.0
0.0,0.0,0.4971669043211754
0.0,0.0,0.0
0.5734564305166892,0.0,0.0
0.0,0.0,0.0
0.38307030769723244,0.0,0.0
0.0,0.0,0.0
0.0,0.0,0.0
0.0,0.284217428104555,0.0
0.25073511233325424,0.0,0.0
0.0,0.5061056106912192,0.0
0.9066095032195098,0.20348353327020283,0.0
0.0,0.0,0.0
0.6156238769573642,0.0,0.0
0.0,0.0,0.0
0.0,1.0127025239799945,0.3051560928972112
0.0,0.0,0.0
0.0,0.0,0.0
0.0,0.0,0.0
0.5912659135439482,0.37489794567336077,0.0
0.0,0.0,0.0
0.0,0.0,0.0
0.7144317844854672,0.0,0.0
0.0,0.0,0.18423528530287545
0.0,0.3027141042478105,0.0
0.0,0.0,0.0
0.0,0.26397046538330665,0.0
0.0,0.0,0.0
0.0,0.0,0.0
0.0,0.2933537650911198,0.0
0.0,0.0,0.0
0.0,0.0,0.0
0.0,0.4983263568807993,0.4012626795135165
0.0,0.23281704305046125,0.5844138423674835
0.0,0.0,0.0
0.22706840351640956,0.17576195618444285,0.19534260478506993
0.0,0.0,0.0
0.0,1.012638822965943,0.2903428611618762
0.0,0.0,0.4727204861294335
0.0,1.2613119680178793,0.16802020777058813
0.6847813866984367,0.0,0.0
0.0,0.0,0.0
0.0,0.0,0.0
0.0,0.0,0.0
0.0,0.5803169798705576,0.0
0.0,0.0,0.22041832716152135
0.0,0.5675379787145387,0.0
0.0,1.1906318185930613,0.0
0.0,0.0,0.0
0.0,0.36847655152036674,0.22925826499384985
0.24600059281318867,1.0,0.1967469605928511
0.17970144409510797,0.18113882944881765,0.0
0.0,0.0,0.0
0.0,0.0,0.0
0.551828517102105,0.0,0.6563384861170687
0.16267234158576996,0.0,0.0
0.0,0.2107157198375113,0.0
0.5814870058005135,0.0,0.5850262584110144
0.0,0.0,0.2931741257074745
0.17203774587373832,0.34413346659597077,0.3364632447824583
0.0,0.6506285594428152,0.6798333040708749
0.882992792424733,0.0,0.0
0.3158464864434544,0.7760090461482885,0.27772637666859723
0.0,0.3418451799127157,0.0
0.21884517931859426,0.0,0.0
0.0,0.4385899295767307,0.0
0.0,0.0,0.0
0.5912659135439482,0.37489794567336077,0.0
0.0,1.5005511967608478,0.37139426103117645
0.17829636273016536,0.0,0.18947718032255043
1.0,0.0,0.0
0.0,0.0,0.0
0.0,0.1965429316286084,0.0
0.44968227830818486,0.3575210818282075,0.0
0.25614104386872155,0.0,0.7102875321336527
0.400721553554788,0.0,0.0
0.0,0.2604618022011232,0.5668410697072582
0.0,0.17710647129584073,0.0
0.5773438412614321,0.2797356795131375,0.29056518047757984
0.0,0.6139594832383827,0.13222471497215188
0.0,0.0,0.0
0.0,0.64216028820379,0.7563794215392698
0.0,0.2079151764196248,0.0
0.0,0.0,0.0
0.0,0.0,0.0
0.0,1.3808273687835606,0.2118422215574428
0.0,0.0,0.0
0.539475528662134,0.1748054369932662,0.0
0.0,0.0,0.4566177307682977
0.539475528662134,0.1748054369932662,0.0
0.0,0.351785828366443,0.0
0.39171762035395635,1.572354699699635,0.19120069861677047
0.0,1.4498425430898174,0.0
0.0,0.0,0.0
0.0,0.0,0.0
0.0,0.9308219277772778,0.0
0.43646511228693863,0.7455305404694703,0.16436133449489418
0.0,0.0,0.0
0.5360033280790022,0.0,0.0
0.0,0.0,0.0
0.0,0.0,0.0
0.35952327604042433,1.3731114227991388,0.20675623425847772
0.3026718503485153,0.4857413614052593,0.3591759289056556
0.0,0.24270903769093907,0.0
0.6831121112771369,0.0,0.0
0.0,0.5859096444869838,0.19232558337543215
0.0,0.2602107879266753,0.0
0.0,0.0,0.0
0.0,0.0,0.0
0.0,0.0,0.16744628536610956
0.0,0.0,0.0
0.0,0.0,1.0
0.8555204173321651,0.0,0.0
0.0,0.5523473246426647,0.19381043113940302
0.21884517931859426,0.0,0.0
0.0,0.0,0.579216671119316
0.0,0.0,0.0
0.0,0.0,0.0
0.0,0.0,0.7992666871125554
0.0,0.31241720688739716,0.0
1.405135599040003,0.0,0.0
0.0,0.15455274466231664,0.0
0.5099780450233102,0.0,0.0
0.0,0.0,0.0
0.0,0.3664193077494398,0.24190683901914578
0.0,0.0,0.0
1.0,0.0,0.0
0.0,0.0,0.0
0.0,0.0,0.0
0.0,0.4988903514772988,0.18273834447350806
0.0,0.0,0.0
0.0,0.0,0.0
0.0,0.0,0.44799462855550554
0.0,0.38030747295923617,0.0
0.0,0.0,0.7068467322364688
0.5022840048522709,0.0,0.0
0.0,0.25961160558595325,0.0
0.0,0.0,0.0
0.0,0.0,0.0
0.0,1.0,0.3056747350037206
0.8708012007514143,0.0,0.439211115237434
0.0,0.0,0.0
0.40190647097115695,0.1415303946477622,0.0
0.1645831184522245,0.0,0.4403944098272624
0.0,0.0,0.0
0.0,0.0,0.0
0.0,0.0,0.0
0.0,0.0,0.0
0.0,0.0,0.0
0.0,0.9679683348369412,0.22230500125211972
0.3444604090786995,0.3812145740449874,0.0
0.3638494443841658,0.2779924347150625,0.0
0.0,1.3957020015518529,0.1732541121464039
0.0,0.6062494828432197,0.22874119720014666
0.0,0.0,0.0
0.4941487517276594,0.0,0.0
0.0,0.0,0.0
0.3774443361843922,0.9140731150825467,0.0
0.17592724331437043,0.47720130654302995,0.4989363431748264
0.0,0.4808994286483006,0.0
0.0,0.6737248789458563,0.2796706008470228
0.31314255819464953,0.0,0.0
0.0,0.0,0.0
0.2039439133174739,0.0,0.0
0.0,0.0,0.2707370720517499
0.0,0.0,0.0
0.0,0.0,0.0
0.0,0.27047563289091564,0.12847781417875495
0.0,0.68741359641683,0.3281681024008739
0.0,0.0,0.0
0.0,0.0,0.0
0.0,0.0,0.0
0.0,0.3927574958826014,0.3070277557324664
0.0,0.584823988310393,0.6657572296805329
0.0,0.0,0.0
0.0,0.24160156925965584,0.0
0.0,0.0,0.0
0.27652037064694973,0.7769920460307234,0.0
0.0,0.0,1.0
0.0,0.9040185512777713,0.0
0.8299533531218473,0.0,0.0
0.0,0.5813688199507462,0.9416550686660305
0.0,0.0,0.7992666871125554
0.0,0.0,0.0
0.0,0.0,0.0
0.0,0.0,0.0
0.0,0.0,0.0
0.2883931003700055,0.0,0.0
0.0,0.4617654666056803,1.8259618756184035
0.6908262709727682,0.0,0.0
0.0,0.0,0.0
0.0,0.870044108166069,0.9091434360529771
0.0,1.1518812813736619,0.20153331568212476
0.0,0.0,0.0
0.0,0.0,0.0
0.0,0.0,0.39003404668318586
0.37091512335320154,0.0,0.0
0.5114029017197245,0.6556460950232464,0.0
0.0,0.6002482767989544,0.28851173007903713
0.0,0.9308219277772778,0.0
0.0,0.0,0.0
0.0,0.508936640581258,0.0
0.0,0.346698919316103,0.6876255829753628
0.0,0.0,0.0
0.19865431609816941,0.0,0.30968907312914445
0.7688988628624098,0.0,0.0
0.0,0.0,0.0
0.0,0.0,0.0
0.0,0.0,0.0
0.0,1.0,0.33539891648904235
0.5709321726447651,0.0,0.0
0.31819197372489516,0.0,0.0
0.0,0.0,0.0
0.0,0.0,0.2545877372372078
0.0,0.4364086646970406,0.0
0.0,0.6056673545936501,0.0
0.0,1.2687412216452256,0.24739893044151517
0.0,1.3781356553342863,0.28056553094111325
0.4853728413641774,0.41263447393259245,0.18290930773531874
0.0,0.0,0.0
0.0,0.37902690955327223,0.0
0.0,0.34561075009355513,0.0
0.0,1.0817947101049368,0.5600759236884909
0.0,0.0,0.0
0.0,0.0,0.0
0.40190979352319073,0.0,0.0
0.5099780450233102,0.0,0.0
0.0,0.0,0.0
0.20654403292372536,0.0,0.0
0.0,0.0,0.0
0.0,0.8458581389353232,0.6296222879618858
0.0,0.0,0.0
0.0,0.0,0.0
0.0,0.7210374860317134,0.2761927192442729
0.0,0.0,0.0
0.0,0.0,0.0
0.0,0.0,0.0
0.7864344865083382,0.0,0.0
0.0,0.0,0.0
0.0,0.0,0.31239929415169104
0.0,0.19715493154982652,0.0
0.0,0.34187389016809033,0.0
0.0,0.0,0.0
0.41721008038094165,0.4268482602791424,0.0
0.0,0.0,0.0
0.0,0.0,0.0
0.0,0.4694021490829071,0.0
0.0,0.0,1.0
0.0,0.6045874913586963,0.19498896007205202
0.0,0.0,0.0
0.0,0.0,0.0
0.5369063032455441,0.44224985069149897,0.7184334980348221
0.0,0.0,0.0
0.0,0.0,0.0
0.0,0.0,0.0
0.0,0.0,0.31239929415169104
0.0,0.0,0.0
0.9235785993237305,0.0,0.0
0.0,0.3549116234817104,0.19777607789544804
0.0,0.24327831486463206,0.582899634599885
0.0,0.0,0.0
0.0,0.0,0.0
0.0,0.0,0.0
0.8888971724485346,0.0,0.22185592555880512
0.0,0.0,0.0
0.0,0.43580859613105016,0.0
0.0,0.0,0.0
0.0,0.32401258141148975,0.3638951636768458
0.0,0.0,0.0
0.0,0.7722756702690643,1.1372500504056724
0.5452382626812405,0.5425939949667646,0.49685677425013813
0.3327258298257496,0.0,0.0
0.0,0.0,0.0
0.0,0.0,0.0
0.0,0.0,0.4559780986247777
0.2034981696653124,0.9055845987851032,0.0
0.4349053721276305,0.0,0.32771104482709534
0.0,0.0,0.0
0.0,0.0,0.0
0.0,0.0,0.0
0.0,0.0,0.25263967209035054
0.0,0.0,0.0
0.6163339522732377,0.44862418193052267,0.15191577163825307
0.0,0.60187555371805,0.16671853708240772
0.0,1.0,0.2559888524932903
0.0,0.6674099639112008,0.32502089498800096
0.0,0.0,0.0
0.314679901106321,0.0,0.0
0.0,0.33209102820550734,0.0
0.5358973653657342,0.5216709031870034,0.4944969951491739
0.0,0.0,0.0
0.0,0.0,0.0
0.0,0.0,0.0
0.0,0.0,0.0
0.0,0.23926175168294753,0.0
0.8555574464812576,0.0,0.0
0.0,0.0,0.0
0.0,0.0,0.0
0.0,0.0,0.0
0.0,0.0,0.0
0.0,0.0,0.0
0.0,0.0,0.0
0.26732619837639,0.23298553703931554,0.0
0.0,0.0,0.0
0.0,0.2885344934647947,0.0
0.5912659135439482,0.37489794567336077,0.0
0.0,0.0,0.39547211778845187
0.0,0.25825271195467703,0.0
0.0,0.39575613155185,0.1805808942006167
0.7046154146528416,0.0,0.0
0.31720602353119354,0.0,0.0
0.0,0.5511016996844156,0.18029125314878258
0.2761351147293924,0.0,0.0
0.3532604914920046,1.162844188724611,0.2632210954060329
0.0,0.0,0.0
0.0,0.0,0.0
0.0,0.39482449142797743,0.1266424738998751
0.0,0.0,0.0
0.0,0.0,0.0
0.7205922299224538,0.0,0.0
0.13545164696870626,0.0,0.0
0.0,0.0,0.0
